群ID,公司ID
G0004,5dEqQxD5dLE67HcetgMC21
G0005,4zXLqupWpJgbu1yooFkkgR
G0007,E1sL6LMSVCeG9REDvbekZU
G0008,KRYBc8dF5FWbC6qayEiuUd
G0009,6Zs2L1L6yXERLdBKz4i8Rq
G0010,8HRrq1938AGjrmateLaKu6
G0011,MiCH6h5us3XQVA4pJA4MY
G0013,UpFwLjDtbz8Zj7vWSEZu4F
G0014,Ax82KDX7d9gxF5yzmoj3zs
G0015,MwwAc2hgYAyBF73hYfLLJb
G0016,FiSHFmazrMi6BbZxALikTD
G0017,FRVps2v4dC3gm9vVgy6biD
G0018,6bKzb5riXMg6EDxiZehxZa
G0020,QeANNrgGNN5n79QZFYbpPk
G0021,ATXAwzPzu9KXKZSBxmyPUW
G0022,H4aU8ZweWDxe6zqgWCHRsm
G0023,K3XrW6HPsVCypuAiidVu8s
G0024,Trxf3W1qSPSvY9xWcHRA5F
G0026,MPS8Jzvi2dmW54nVUxKyHg
G0028,HjLpzUijZ1mYghRZFhqnui
G0029,BVmyuWE1v4xw4CJihRBa8Q
G0031,9ytZP6JGGi85aoQo85dPh4
G0032,6Qy2c47Z4q9BD29bFZLHmZ
G0033,VonBknt9koDpKJ6RetqSut
G0034,CdDXw7qD43o9ssP5RWZhTs
G0036,8QLEaNGndzuKXE2k5ZqsvV
G0039,QZtqnhihnbZfFH3rjVSVmE
G0040,FU6wwxDMgzfvBTan7dFgB
G0041,XjvpcuMX9qS5XhkmS4N9rF、AXsxXjcVeKTeM1nVq87Zsk、DhFxACzwwUKT6vkpmwUsv3
G0042,3euH79bjJrX8y7FjeLRhmN
G0043,Y7atBBqu3EqPBP2Tiy9VP7、Ux5xPYQZFbYZZMuWH9Xs8f
G0044,NbDVDwJnWoDPpnRUQhcLWh、2U1TG4jVFCGZegkxhqLATt
G0046,W8BH9Bu46xkNX4TTC2fmgg
G0047,9kVgmA8vRC6VLqThv9NETz
G0048,JQampjb9F6VHyT83cytmdA
G0049,27z7BvnTLmBEhvmC5F4Agi
G0050,WuWyW3HNdyvDCbYt61ZVgC
G0051,26L88wECfkuSFfCoMaujQQ
G0052,My84Xx47fQbgodDptBRXfW
G0053,8MvovgWZX1KRUJbCXfn5Cz、2y4Xe96EPdLpVzvXKNqzCe、PsVt2mwuCoEW6p1Qa34fmN
G0055,6xDNX7me6WPUP9tbfrjhni
G0056,CXuvn2G8rRcDjykq5wsNaP
G0057,2TToR4zF5kGwSUuYB335K7
G0058,7nwczSF3BYyE48XFfrH511
G0059,75a62QteX7qd2BxKDizp5r
G0060,391Ncd6z2mG6RLmk7TqADV
G0061,79HD9KENfcS5qKbkKAgCg7
G0062,VyRnkuN5bUoQvPPAHHVDdJ
G0063,MXQUynRADZHhXS9AnNiX4f
G0064,MBJhKTBAcEKFpa1TVRKdVX、ACXhp3dZY8PUnoN4srSPaG
G0065,D952JoxoHj2wkSvGfGcKaF
G0066,NbxSxQr7XBPqcvmq3Fo4Ue
G0067,AyX9RfGAjKZ4yCoh2FiM5F
G0068,PjfNdaaTrUTWmrF683MHxN
G0069,4rEQG5ZPxsFp4SrLK47zDP
G0070,RrcCp3cNHvGmPAbggyQHaP
G0071,XBPxPjQNnrna4dnMmgaceW、CtVpCJQ44YxpnLJqH2CoGo、UMiPT8EU7wwczeig9sWkre
G0072,3VfH5sAU224LwNXjWrhx2B、Aqyvq6wZjK5auQ69Q7iASS
G0073,MFEopHZ23vu1EUb84HDx5A
G0075,KyJ4i2qPBC4Caw2G4xMgJg
G0076,VXf7bYbp3oQTQ7NC9SKvZx
G0077,32bvTXsMJfGpVVVMRnxWBa
G0078,LLhGqDt1vjHxWdf4XKdbqJ
G0079,9SC9xbQG3FzmMZnm2JQ2ke
G0081,Li8m35XPWFiL482KU57j7a
G0083,Jv9QuHi86nFnhKXc5HzXpr
G0084,GB6ESk5UHTC9LWE3ua2RxT、Gw49FZva4WEikmxsUYSwVq
G0085,H3NiU13mfNqSNEZMQNhEad
G0086,RAbkES1ny7FGrxd9y37gbJ
G0087,RqvQMXZubDdeMJbVoimzRF
G0088,EzKUnsfr2gS727Sr9BHZBv
G0089,EAcay42t9pfQQxYt33VnVj、jcqxpH2t1oCdnsz452kKr
G0090,XPJgoreRVjkSwLrK6mpaH
G0091,XrVJEGEYqmr6sUzCnPMjsS
G0092,KgwSofb9YE6diuVTP6XWHP
G0093,CKRKytse1R8gdWj1NB84qA
G0094,XXGbLcEcGSncegdjkFCAGR、VHPrTAGuQeeoDTBVwwryEy
G0095,Gis13MZ4ekbhKbPCduHPC2
G0096,QvnHpwhUVUuMFzkSJedWk
G0097,Gg3FdHGtdYUCmTqGH1VJVP
G0098,Taevv1wn9qMAwEMo5URQTj
G0099,QBp6YBVJ6omLnERe8JvAYk
G0101,XLmT2Da6WQYw4vD72UH6RB
G0102,7mbkFzChoJ3spGVdVMyo4t、QQPdqKH3dWHkpYMWeYEcrZ
G0103,B58gxSauUzobDkx514Amw8、LbTpVvo45miTvoFakY5YKt
G0104,WYfuuytEktZYn3s2ws7PCY
G0107,QJXSRixALeuLp7tiHxATnC
G0108,dSEs8WEWVXW3Fk5EYTQBZ
G0110,AHn9HqEabHiwc63uPubUpV
G0112,5DfDZzNxMVbZRe25DrkJLq
G0113,3jsHuPeoEVk42JMdVe16sA
G0114,QPnBy1FnNDCr4uFyBTrHEK
G0115,N8nrjmhHonEK4rqoYK1Epz、9YWV5FEH8qTbcjMknWEJ3J、2rSVyXZBxDhYagt3Zd3hDe
G0116,KWcSPnBwrTcv931Cmr8epe
G0117,92MpiKQZdqXWjv8z3p9noD
G0118,XbzmAFSvX4eD8tn2fND1MT
G0119,P3vYJYfWWwD6L3GEB7CAW9
G0120,S4ffgh5z8QCGz4WQ1T9dM
G0121,UE6Rqv43tjm7aosZNPZcEY
G0122,NuozECb3JSdewTTZM5hEJe
G0124,LMf2zRNQrFYiDP7dYUicaB
G0125,TUz4wjbon9B91Xy4tVhzEf
G0126,CgVRYuQ19P8dMRaAmEzKUC
G0127,FnYGeyfbZgowXaFVmoxYvz
G0128,2v42zfUeJMEybVKVX8P7bG
G0129,KZbMFZveQ6myjh7dFsAJob
G0130,GVaJsYuLbk8Ax7RZMyPryx
G0131,LaLK8RhRaPztpm43nvoMFA
G0132,WxMQf4XMHhQkpaMNx5Ubqf
G0133,NqT7LbB3N87mPkTzp9AHgf
G0134,XjFQWygfZzGHNy4UtrVDip
G0135,3YCXx47k5ZDbgq8HGfptCw
G0136,6i64HtqW6vuyXSoBxy38MY
G0137,NYYKo6VnVvAqfQmLjjZr96、9UNAQ6os4TWdgYnj9ApZCA
G0138,YB2NvWCk51HQyLBKpNQeXZ
G0139,4NFqMxX1oNwRj61z1iL3mv
G0140,K619vxhHXCPytrvi95CFXb
G0141,7z88UBvKsWuxLw2Qp8rfJb
G0142,DaG2YPQz5FBgQ3xJrrsS6n
G0143,HTCoT1FCWjPWxVicGpocNd
G0144,2gkt88CWZphJRGzDW23UCp
G0145,FjhgYDVTxystyvADTH2f6j
G0146,WqJarPdF68PMqBTbhZThnx
G0147,42tJuaWgZvVNFXtG43w1E1
G0148,Hgov5wCzQVnRmJnApzasgP
G0149,7oHEu3yD4QsuQ61UHjbSnv、Bivknzj2jJSXXhSAuQ7zFk
G0150,FJMD97umGaRKmQQyU6cD8b
G0151,5Ri6WnB4bMC5dudR3coTVh、ACXtV9FZDWkngYLecB8yjD、7ct23HT6QDJEmbe8ahLGST
G0152,U7LMAnq3nsZi4TStARPjaN
G0153,JXYk5AYHJzygWg1aNtqMhh
G0155,XS5iLWLZphwvmiTEe6xyhS
G0156,MJoernrxNAQSYjXAtA2qh6
G0157,7YQKwazknbwhFwjrvGoM7r
G0158,S6YiXavfSrT47ctWrQwHr
G0159,5R5xUYkXQqy5ZLDWQwKASp
G0160,KzpQEMWoC2j5PpGnXcRCVg
G0161,D4XET4Ur6PCZRC2BMs8qEG
G0162,Lwtfkk9Kf9DV6TxB3avkpN
G0163,D7W9rn8jGbPNNM32z69hUT
G0164,BFKtyDeMhAWLBJ1se7Fd69
G0165,F4DgwkhKDyvw8GzAAGsAby
G0166,U2uuMkZd9B7ZAGdxgYPncr
G0167,CK4WNU8HijBZmwLcRMXcCZ
G0168,JJUmfTk9aziWeut2cADpn8
G0169,HFUxQDzAJWi9kmRaHUg1ik
G0170,B2RXzrdAizxaz8U77fKw6i
G0171,5DiBBzmqrMSMbGMTEJxtEq
G0172,GrNEmkvs8rnhPFdJWdoNPU
G0173,MdNSJxEvS5pHhDbEF6ainP
G0175,cJqqab16r3CF9UcE81vmU
G0176,5ukMW1FWLs2LEvxa4AyrvH
G0177,EfJci1RgT4EpGEmSZBB62A、64wG2z941HL1bSEB7feYyF
G0178,2ux5eQM17n8GixgpXq3Fqy
G0179,BmDHiBkzwk6DiEpHXLa8ux
G0180,TfKjdy9ZUBNhsZQmJBkvmy
G0181,7U5vqM4ybbdFKDZpFs12Yt
G0182,MsG5zSwx7N9DShMhWwdhgM
G0183,6jzNm129PdffE2LnF1AySy、FTB9JegwuYRnTQ7EcmM8Lx
G0184,SnYkywRJj1E8EJdVypdfEH
G0185,2TtYTdV1379mzmPCPygH7E
G0186,MzvnrS4KFGTpH3BXMf7L65
G0187,HnQK4A6qaUDsovp9gm6ywy
G0188,PqyeMYTcHwzRgp8dXnRHkT
G0189,BWWgHsebJbvz8qb43eN5mS
G0190,XtZxHaGWZR6tXgqhvyRyt3
G0191,2TtYTdV1379mzmPCPygH7E
G0192,Fuco8zzGLPhX4QSV4JHyRw
G0195,3bqV48ztacdRgdNAKFV1RF
G0196,PYqB7SXWYz3Q6B2WSQjs2U
G0197,3bqV48ztacdRgdNAKFV1RF
G0198,YWWpaPmcErFmkMy7SPYip6、8mEsasFvhvQNp5pwsETzo3
G0199,CF7XV47ZK3U3daEJbJzVKK、E6mibbZUAi3XLWncmkBMvz
G0200,GdQQgTfqW3zQpbJ7nE3nN2、6WeKNBA69hruhVv5zHVpyL、6eyKL4Utbb7xdnFa1jH2yv
G0201,MpTfn3Tbzp2C7gbFLbCm1a
G0202,SaZeZKmfKwbMbLuDko6LY8
G0203,JKczfrnE4A4kP7CuSq1T9H、FY1vXKZVDgZprM3HUnp8wL
G0204,5q3hcMcEnTmxJ9xkqBQTC7
G0205,TWL6shzt1PtikhzASNAKey
G0206,BUf6AGdAGV3wa6grcsx6Hs
G0207,Agmpd5bZVHcwDLyoqpNM39
G0208,2K4maLLkvCa22HLbiTBdG9
G0209,CUPqeRyM7xDXhnpBn75D6A
G0210,FLPMge5ysaD1B39MpEQhpk
G0211,3icTkhjKkib5ZZLsWn9r3h
G0212,HPBCaMYQq9S5qjqfiz7BBo
G0213,JbsFELGM4R4bsYfg4xHrQD
G0214,MGH8seiBfaFKrGohEuTxYS
G0215,YB2NvWCk51HQyLBKpNQeXZ
G0216,9s2zN3n3RyLVL2Rx2326jR
G0217,DAM9fpCoAakgRNm3bXEh2M、MGH8seiBfaFKrGohEuTxYS
G0218,YLVNVgJdwvvepVk38jS4FN
G0219,HnQK4A6qaUDsovp9gm6ywy
G0220,FR7ocwS2HKJBXaAeDedRZy
G0221,MGd5DA6UmDfRna3bPbGXBm
G0222,b58zdkNmDkfPymBmbxAW6
G0223,9M4WEjkkfgng2b65ZqppMx
G0224,SWw45QZkGNZGgufJzJWmGj
G0225,TSmg3HKMoPQUeVZXAzXfya
G0226,29T1Jd9HxnL5frFJ7qwx9z
G0227,XRo2ar7qsAkBuHSbyuPZPE、JBBrSuJMSnGQhKWWgiiBwA
G0228,8CQVzn44uUhnVEPHGwBpmm
G0229,QdqbdkVk3rQ9v9D36AetWg
G0230,MSJsQg2VPVzcgs2rrXuUM5
G0231,U4hEsC9A4hgfPeVVxGLxm9、JAWw8EPTHpwYkNqRdfEH7j
G0233,CF7maW2utEWj4D9EUcFC6z
G0234,BTnKjbGV1sdNZb5rJpT22K
G0235,QATtTwa1JQUjLTa6YR5R4o
G0236,GnNyiizmk2yvWCcBWMASZq
G0237,M2zPLeMpbHwxALHmMaifW3
G0238,PCp2b4PsZ7f9rMxNg8yQv8
G0239,N8nrjmhHonEK4rqoYK1Epz
G0241,Gpk5DQ83JzZArADKLkjH3J
G0242,3yBVf23pFyENdpfVNGEqVR、NwUKy1Kt8bcSqqxPzGr8Z5、ShBHJFPhoEsiHWtPAKmQ3M
G0243,S6ZhVFi5qjpBtyBuh4dZVT
G0244,PvVvMg22qFYmaLAhSX2v3o
G0245,Ce3Bnriimdhgrav14iaZMm
G0246,MzvnrS4KFGTpH3BXMf7L65
G0247,CqwaRBjyp2i7Kii46bZ9je
G0248,LbTpVvo45miTvoFakY5YKt
G0249,NjL7pDnNfek1pT4mPEf9UQ
G0250,3bqV48ztacdRgdNAKFV1RF
G0251,PJErjiVGX3fiym4k465VNP、AKziojSW5JzGD3spaoEgyK
G0252,Cdo9c9P7uc8XobToyxsPvf
G0253,C4wSnF21957kFfz7nb8YS2
G0255,47kAGPc99s6y8J3qdQ9z7B、BNTz7U3LkmXQd1gAkdutdz
G0256,BTYa8e5pJDg7kCXminyVPB
G0257,3WhL8ZABiLK7xmSrZK4Tcy
G0259,5Xzbb6JUzvQEwXtSYisYw4
G0260,U4UbQbrGpVFGrqwknyG7LG
G0261,NMPwf2Nd6soBAqq5oXyZQL
G0263,BHh7FyEAvuQzX6WqDhxgRQ、G2ZKSkkeaVwQkrkJaM6A3P、QSZsxnNH1Me5BjhgDFQJfB、PTnAMzL8jiqe4FVt8CgHRi、SYMqSuANYZp8yXVcijBeb9
G0267,BDiL4tQ8WpcPDMT29fkAGH
G0268,Siha5JgS7m32L84Yo822A8
G0273,9Bq3eDGRiW7DB7yXAxCu6b
G0274,96LTYFCmCiuT55ZqQZHsRH、44vGgaG6gjbDyNU7cZdaWx、Cdo9c9P7uc8XobToyxsPvf
G0278,QE9T2iVcqi6eXcMgw6buKX
G0280,9kVgmA8vRC6VLqThv9NETz
G0282,3bqV48ztacdRgdNAKFV1RF
G0283,QE9T2iVcqi6eXcMgw6buKX
G0287,XnUyGcUoW6WMpnhwHjaM7Y
G0288,2y4Xe96EPdLpVzvXKNqzCe
G0290,LuKPU7Ly9SVtuyoRyxbip7
G0291,HKW76gYzSU7zuTK1pbW2X2
G0292,765HRTEBgcHyfZ7KbWD1nT
G0293,JJUmfTk9aziWeut2cADpn8
G0295,6PejZbDfeQnaFzHYKRt2iP
G0296,MvT4wEeo1aAq9EAxv6353u
G0298,S5KL9xGdYU8TaygPzFSQAS
G0299,3C4kvKTh6DohfuCE2tyifE
G0300,91LusUgZ9MCetQiLktRhbe
G0301,MENihUufVVJ6xCywq8Wbeu
G0302,W8BH9Bu46xkNX4TTC2fmgg
G0303,MuHNTKyAnDp91np2poQvyn
G0304,Ce3Bnriimdhgrav14iaZMm
G0305,M7L1UcYSZidkKuGd3caZJ6
G0307,3bqV48ztacdRgdNAKFV1RF
G0308,2y4Xe96EPdLpVzvXKNqzCe
G0316,McedWzCGT5Tz5dX2sH54jM、CG2VJpcp4kbz2u1eSa1e1d、6VP1Ly4aBVkUwvXwNULfqH
G0317,CG2VJpcp4kbz2u1eSa1e1d
G0318,Ba98AAkvRM6reS5S9oLKZB
G0319,48XEaYXdoh9G165H8mNs3s
G0322,BgrGYxQ42fFFHQsPY6hR6H、Kt5nQhEk4M7znmLvfTd2py
G0324,XSShC337XB4jf8yxU9xBoX
G0328,JeExydwtd3K31Fcv16QY88
G0329,GVaJsYuLbk8Ax7RZMyPryx
G0330,FutGKrvSs6jGyy6Eo7cYuy、Y45S7ezDMWBJ3DzpB5Hj2Q
G0332,9AdYBTi3XHHA8NGoDBBMEE、EvxZY74T3hm3XxMb5Twh2a
G0335,HZqMjQMHzu88eM1Q9yfZ9h
G0336,LzDVEV1aLFLr5wy3mcakHa
G0338,76cHGWfAhw61GEr4ma8mn7
G0339,DyxRcWRbPEe986sM5KEFsn
G0341,PUVCgwoEoUpwHdTLJr9Kqk
G0342,2aDUMf6TpL7t6d4Cou9NLH
G0344,MpAj5cE1NNRVdjjFeR4NLg
G0346,7aB84ja6PyKoMJ7ik1pHXf
G0347,BowqHzq8mtDqzZeNMhTtQp
G0351,VVYzyvp5XgqfWSdtYoAPFN、GUUs1Dc3jM9Drk2ueXsp2L、3tNFyAcAKB5d6Q7iuN4mf7
G0352,JS7arrMcdGzwh5GSp9kU55
G0354,9BJ7WJRNNoWX7n8dDgxoLu
G0355,KkjxgcPvyYchweYazLCMLP
G0356,GRW3cez6n2z7ZSiPCEg6V2、88WSKJRvW2wBrRfBbkr8tT、78aLWTX1DBSx5c6FdBth3H
G0358,5Ri6WnB4bMC5dudR3coTVh、ACXtV9FZDWkngYLecB8yjD、7ct23HT6QDJEmbe8ahLGST
G0360,C4wSnF21957kFfz7nb8YS2
G0362,H4G8JmR9QWirvqCwejPkJy
G0363,Gpk5DQ83JzZArADKLkjH3J
G0367,4Q3xposiYnzAZ8SkayisHs
G0368,HFUxQDzAJWi9kmRaHUg1ik、5cZXbyf1WMJZyuN2XNh24B、MsDFGfbtqbsbywiyFxsm5
G0369,Cg4DR2vZt2GJzE3wXQjvgP、9C64mjkb5aY2PYMU1GUa8n
G0370,4RV9QFRCiSBrgkDh8wbyVH
G0375,7z88UBvKsWuxLw2Qp8rfJb
G0376,TRuDhE1VKzFUAm7A6jyeo
G0377,WB7qGowEfQUNRFLTxcev1s、2fgpLC7qs6ZAEU4KEuuHnJ
G0378,9JAsaKnC1jre27KYt6u2MR
G0379,XtZxHaGWZR6tXgqhvyRyt3
G0380,DufngG5H8Wy4fbAKPVmtbk
G0382,QBp6YBVJ6omLnERe8JvAYk
G0383,G7V5RFb45buarPzEjJqAKq
G0384,Rdqo8hULaDxSpXQmPXfA56
G0385,CdDXw7qD43o9ssP5RWZhTs
G0387,F4X8Tb6dyJgHi9Ve2nmmw9
G0388,UrCSHCkCXV7UxK6MgfjhYd
G0389,H6aWNEAcyHPCfRmtJYfk5t
G0391,MpLZr9fzhn8Uv4vsN1qsSM
G0392,EpZhZj4q8WW2E5c9zChjvL
G0393,KcbzCJhUY5iNMLLUHH4j7b
G0394,AdKbcw26Zr1F7P5W3Srv3g
G0395,KCd6m7RwcNFjRWFtRj54y2
G0396,VeeBkaMLeK6ZaY5goccJ1W
G0398,W8Yv5AYyNnWeYiveHFShnK、Use3fBPy3HdxmZBD2qb7d3
G0399,5AicJVwR8SLh7XuXceVvEx
G0400,QZYMYc3XZwwMPC6pxCQCyM
G0401,RfTavCkTN9NpFcdPy2rQzE
G0402,BWeZqGfgXcD25kcXDj2RQQ
G0403,UQU6p9xdmnVr6XdaLREzu6
G0404,8FNHqDaFxJdLwxRbv29YEW
G0410,64624YBvZyuhNuddfPWbLt
G0412,SfoxZPbSzTpdksBHqDxV7P
G0414,N8Dq9DcvWQv1177jYuggVi
G0415,88WSKJRvW2wBrRfBbkr8tT
G0417,PpAtfZAANWWt7zMwHCd8ms
G0418,XWLS3NXRGXp92wDLMwDsxJ
G0419,Jm6J2R8bUH34R2t74Bo8xJ、9byJV5dHSnSSjvv3ME5xyq、BwAMBnH5XCpfRo6V15dgtC
G0420,G25iX5u6z3MFjcgFnJEcGS
G0421,KRYBc8dF5FWbC6qayEiuUd
G0422,Cdo9c9P7uc8XobToyxsPvf
G0423,6dKfzjwYgrEYscNDWv1jd8
G0424,JLmzxV5oMSgRm3k1hUzVnw
G0426,2aUuDpKV7EbxUum6KyFfdt
G0427,FutGKrvSs6jGyy6Eo7cYuy
G0430,G8YnoHvez8AnAUpmg7VgtR
G0432,PUVCgwoEoUpwHdTLJr9Kqk
G0435,MpTfn3Tbzp2C7gbFLbCm1a
G0436,FutGKrvSs6jGyy6Eo7cYuy
G0437,AS7uRPBKJFdnV5u99yzL4F
G0441,AHLPN5n4P9DoSqTGQaNHs1
G0442,YSyJS6NwqHVpj3ZbDEFgp9
G0444,3qjVXGwb8apBdz9rpR5JHe
G0445,F2kkwss5MdRTHeLF65jKmY
G0446,Ls17tsui7923HNA6XiNoD9
G0447,Ct4DgJgPCisKA3aKDjRx7c
G0448,2y4Xe96EPdLpVzvXKNqzCe
G0449,7NhWHBxP1CYyiCNa6JrtoY
G0450,S6bXZW3TRgZhXE2DWiAXXo
G0451,EEDbTen7N3fzAcAagunEx1
G0452,XRo2ar7qsAkBuHSbyuPZPE
G0453,QVZegHRBhPqMuRjEKCiguP
G0454,ToMwWsTNPjv9xqytvBjNji
G0455,V8towvr9efpvLUdiPZ3W6Q
G0456,WWJfm4T837d4WgkjLKD5X4
G0457,FycS64zoZzEVXGjNct2NoH
G0460,8mMrr2Bb3BTfRtQ1qGaJ7c
G0461,U4UbQbrGpVFGrqwknyG7LG
G0462,BTnKjbGV1sdNZb5rJpT22K
G0464,KmNPaJ9EFHcVp2aytSBB3g
G0465,Woqe1RQcz2r1RNetmdEEgo
G0466,A5JsMriVxnx9CeKhR2XZGU
G0467,SEoikb1RbmLnF5FPW6d9zq
G0468,W8BH9Bu46xkNX4TTC2fmgg
G0471,QE9T2iVcqi6eXcMgw6buKX
G0472,9Bq3eDGRiW7DB7yXAxCu6b、XXB3awMfsPTjQRTNTBng68
G0473,Fy2oJMpoGftQQFMzbzAXAb
G0476,FUS2f5xNQt4Wg5Q2GBogjX
G0477,4P9sQsTWNE6ro5HZ9R93cf
G0479,1unz3ESkrBRejewvo4aE5
G0480,Wo4QqpmPfdaJM4dzUMncoj
G0481,CHDJBkaiXHdhBU8RuQyfGw
G0482,S5K55YSJmXuPhsYfVxs8Ez
G0483,KWcSPnBwrTcv931Cmr8epe
G0484,S5K55YSJmXuPhsYfVxs8Ez
G0485,RiXj36ExBbNqy9vsnDzwke
G0487,Q4DbzaZEDV8L34FFL2DfXm
G0488,j1vJgtK6G5uhz9LwjGX4x
G0490,7WmrL7aJkh8oQLzPCYh2VA
G0491,5u93U1bhnNKtJdB5Qt3UwJ
G0492,Fy2oJMpoGftQQFMzbzAXAb
G0493,MVgTxEurN9KwMDZqd7zpTW
G0495,15xFQzB7zkiaN73ZgcQRzN
G0502,Qsdd2R53ShKghEFgELot5Q、NBf4uq81fC2ZSPxGXShQtM
G0503,NBf4uq81fC2ZSPxGXShQtM、Qsdd2R53ShKghEFgELot5Q
G0504,Ph1HcHWAu3aawymYDVN1Vk
G0506,Qsdd2R53ShKghEFgELot5Q、NBf4uq81fC2ZSPxGXShQtM、E3aQwLjczXtcPYiN65EqRt、W2i9g2Ty4QVgmXUPuZkP7C
G0509,7TVqG8srBpGqif113WghHb
G0510,3a22FUAj2SDExc5tkntbou
G0511,Fy2oJMpoGftQQFMzbzAXAb
G0513,G57DAB5dKHT5tFgvpyqjBc
G0514,PPv6sXash53VsZv4qHQN7S
G0515,VkwsEfeC2GHKpMjwkxFfeK、423di1aHTSohXDfK32XNTi
G0517,YXqKducji8XncDqJ8yTHFm
G0518,H7EEx64qk3bVa79VzfxG9S
G0520,MzAUZvnse6zSbZtEqkWoCP
G0521,BgWHVkt3SLAHdf465KWNJU
G0522,DpbzSp4hWUiTjWAXdRxv59
G0523,LrjiTjiiYvoynzJ2Rs9g1Z
G0526,EtaEDVmLe7usYMdi85THsi
G0527,QQ4jgBybzzJFP4e6CLDVnc
G0528,EsvT7vx6VN6F6gnTmJ2Srq
G0535,S4UY4v9nQTafuEeQ1Dzt66
G0538,VCcqTk1EpS5cyD6DemBUB6
G0541,Fy2oJMpoGftQQFMzbzAXAb
G0542,XZeFeiEkGGAQRgFE8HHHKs
G0545,88pC3my62X7ywhTjcW6hDY
G0546,K6EaWYnGetYD1QGkLoUKiB
G0547,RrKS2cWSEMX7WcJuuEZDzt
G0548,Rf1TJU6QecLfScAdk8QN9m
G0549,2VCv7NwK8E1RCdu9LmDh55
G0551,pYvpccueNFJuAtJodnCpa
G0552,FeCVwhRQ7atGgBz6fVH52s
G0554,HVyDxyjJS6Zzs1x4vPpFV6
G0555,5SU1kGCSQQ2gFYBA1hrfwn
G0557,5SU1kGCSQQ2gFYBA1hrfwn
G0558,75a62QteX7qd2BxKDizp5r
